"","Individual","Plot","Wet.Weight.2019..g.","Dry.Mass.2019..g.","Leaf.Area.2019..cm.2.","Area.Consumed.2019..cm.2.","Percent.Herbivory.2019","Puncture.2019","ID","DBH","Height","Width","Cross Sectional Area"
"1","ALNINC_SH_1_1",1,NA,NA,NA,NA,NA,NA,"ALNINC_SH_1",1.3,278,NA,NA
"2","ALNINC_SH_1_2",1,NA,NA,NA,NA,NA,NA,"ALNINC_SH_1",1.3,278,NA,NA
"3","BETALL_WM_8_1",1,NA,NA,NA,NA,NA,NA,"BETALL_WM_8",1.3,307.52,NA,NA
"4","BETALL_WM_8_2",1,NA,NA,NA,NA,NA,NA,"BETALL_WM_8",1.3,307.52,NA,NA
"5","BETPOP_WM_7_1",1,NA,NA,NA,NA,NA,NA,"BETPOP_WM_7",3.2,392.66,NA,NA
"6","BETPOP_WM_7_2",1,NA,NA,NA,NA,NA,NA,"BETPOP_WM_7",3.2,392.66,NA,NA
"7","BETPAP_GR_5_1",1,NA,NA,NA,NA,NA,NA,"BETPAP_GR_5",NA,160,NA,NA
"8","BETPAP_GR_5_2",1,NA,NA,NA,NA,NA,NA,"BETPAP_GR_5",NA,160,NA,NA
"9","ALNINC_WM_2A_1",1,NA,NA,NA,NA,NA,NA,"ALNINC_WM_2A",2.41,374.94,NA,NA
"10","ALNINC_WM_2A_2",1,NA,NA,NA,NA,NA,NA,"ALNINC_WM_2A",2.41,374.94,NA,NA
"11","ALNINC_GR_11_1",1,NA,NA,NA,NA,NA,NA,"ALNINC_GR_11",2.3,315.71,NA,NA
"12","ALNINC_GR_11_2",1,NA,NA,NA,NA,NA,NA,"ALNINC_GR_11",2.3,315.71,NA,NA
"13","BETPAP_SH_1A_1",1,NA,NA,NA,NA,NA,NA,"BETPAP_SH_1A",2.2,305.4,NA,NA
"14","BETPAP_SH_1A_2",1,NA,NA,NA,NA,NA,NA,"BETPAP_SH_1A",2.2,305.4,NA,NA
"15","BETPOP_HF_3_1",1,NA,NA,NA,NA,NA,NA,"BETPOP_HF_3",3.4,353.6,NA,NA
"16","BETPOP_HF_3_2",1,NA,NA,NA,NA,NA,NA,"BETPOP_HF_3",3.4,353.6,NA,NA
"17","ALNINC_WM_5_1",1,NA,NA,NA,NA,NA,NA,"ALNINC_WM_5",2.07,376,NA,NA
"18","ALNINC_WM_5_2",1,NA,NA,NA,NA,NA,NA,"ALNINC_WM_5",2.07,376,NA,NA
"19","ALNINC_WM_1_1",1,NA,NA,NA,NA,NA,NA,"ALNINC_WM_1",2.17,341.8,NA,NA
"20","ALNINC_WM_1_2",1,NA,NA,NA,NA,NA,NA,"ALNINC_WM_1",2.17,341.8,NA,NA
"21","ALNINC_HF_2_1",1,NA,NA,NA,NA,NA,NA,"ALNINC_HF_2",1.2,289.47,NA,NA
"22","ALNINC_HF_2_2",1,NA,NA,NA,NA,NA,NA,"ALNINC_HF_2",1.2,289.47,NA,NA
"23","ALNINC_HF_1_1",1,NA,NA,NA,NA,NA,NA,"ALNINC_HF_1",NA,334.16,NA,NA
"24","ALNINC_HF_1_2",1,NA,NA,NA,NA,NA,NA,"ALNINC_HF_1",NA,334.16,NA,NA
"25","BETALL_GR_12_1",1,NA,NA,NA,NA,NA,NA,"BETALL_GR_12",1.3,358.01,NA,NA
"26","BETALL_GR_12_2",1,NA,NA,NA,NA,NA,NA,"BETALL_GR_12",1.3,358.01,NA,NA
"27","ALNINC_WM_2B_1",1,NA,NA,NA,NA,NA,NA,"ALNINC_WM_2B",NA,364.61,NA,NA
"28","ALNINC_WM_2B_2",1,NA,NA,NA,NA,NA,NA,"ALNINC_WM_2B",NA,364.61,NA,NA
"29","BETPOP_GR_5_1",1,NA,NA,NA,NA,NA,NA,"BETPOP_GR_5",2.5,416.6,NA,NA
"30","BETPOP_GR_5_2",1,NA,NA,NA,NA,NA,NA,"BETPOP_GR_5",2.5,416.6,NA,NA
"31","BETPAP_SH_1B_1",1,NA,NA,NA,NA,NA,NA,"BETPAP_SH_1B",NA,NA,NA,NA
"32","BETPAP_SH_1B_2",1,NA,NA,NA,NA,NA,NA,"BETPAP_SH_1B",NA,NA,NA,NA
"33","BETALL_GR_13_1",1,NA,NA,NA,NA,NA,NA,"BETALL_GR_13",NA,238.1,NA,NA
"34","BETALL_GR_13_2",1,NA,NA,NA,NA,NA,NA,"BETALL_GR_13",NA,238.1,NA,NA
"35","ALNINC_WM_5B_1",2,NA,NA,NA,NA,NA,NA,"ALNINC_WM_5B",2.03,324,NA,NA
"36","ALNINC_WM_5B_2",2,NA,NA,NA,NA,NA,NA,"ALNINC_WM_5B",2.03,324,NA,NA
"37","AMECAN_GR_10_1",2,NA,NA,NA,NA,NA,NA,"AMECAN_GR_10",NA,87,20,314
"38","AMECAN_GR_10_2",2,NA,NA,NA,NA,NA,NA,"AMECAN_GR_10",NA,87,20,314
"39","BETPOP_HF_1_1",2,NA,NA,NA,NA,NA,NA,"BETPOP_HF_1",1.95,341,NA,NA
"40","BETPOP_HF_1_2",2,NA,NA,NA,NA,NA,NA,"BETPOP_HF_1",1.95,341,NA,NA
"41","BETPAP_GR_5B_1",2,NA,NA,NA,NA,NA,NA,"BETPAP_GR_5B",NA,34,NA,NA
"42","BETPAP_GR_5B_2",2,NA,NA,NA,NA,NA,NA,"BETPAP_GR_5B",NA,34,NA,NA
"43","ACEPEN_WM_5_1",12,NA,NA,NA,NA,NA,NA,"ACEPEN_WM_5",NA,NA,NA,NA
"44","ACEPEN_WM_5_2",12,NA,NA,NA,NA,NA,NA,"ACEPEN_WM_5",NA,NA,NA,NA
"45","ALNINC_HF_9_1",2,NA,NA,NA,NA,NA,NA,"ALNINC_HF_9",2.3,332.6,NA,NA
"46","ALNINC_HF_9_2",2,NA,NA,NA,NA,NA,NA,"ALNINC_HF_9",2.3,332.6,NA,NA
"47","BETPOP_WM_7_1",2,NA,NA,NA,NA,NA,NA,"BETPOP_WM_7",3.6,472,NA,NA
"48","BETPOP_WM_7_2",2,NA,NA,NA,NA,NA,NA,"BETPOP_WM_7",3.6,472,NA,NA
"49","BETPOP_HF_5_1",2,NA,NA,NA,NA,NA,NA,"BETPOP_HF_5",NA,149,NA,NA
"50","BETPOP_HF_5_2",2,NA,NA,NA,NA,NA,NA,"BETPOP_HF_5",NA,149,NA,NA
"51","BETPAP_HF_16_1",2,NA,NA,NA,NA,NA,NA,"BETPAP_HF_16",3,457,NA,NA
"52","BETPAP_HF_16_2",2,NA,NA,NA,NA,NA,NA,"BETPAP_HF_16",3,457,NA,NA
"53","ALNINC_WM_5A_1",2,NA,NA,NA,NA,NA,NA,"ALNINC_WM_5A",1.76,260,NA,NA
"54","ALNINC_WM_5A_2",2,NA,NA,NA,NA,NA,NA,"ALNINC_WM_5A",1.76,260,NA,NA
"55","BETALL_GR_13_1",2,NA,NA,NA,NA,NA,NA,"BETALL_GR_13",NA,135.9,NA,NA
"56","BETALL_GR_13_2",2,NA,NA,NA,NA,NA,NA,"BETALL_GR_13",NA,135.9,NA,NA
"57","BETPAP_GR_5A_1",2,NA,NA,NA,NA,NA,NA,"BETPAP_GR_5A",1.15,262.4,NA,NA
"58","BETPAP_GR_5A_2",2,NA,NA,NA,NA,NA,NA,"BETPAP_GR_5A",1.15,262.4,NA,NA
"59","ALNINC_SH_5_1",2,NA,NA,NA,NA,NA,NA,"ALNINC_SH_5",NA,249.65,NA,NA
"60","ALNINC_SH_5_2",2,NA,NA,NA,NA,NA,NA,"ALNINC_SH_5",NA,249.65,NA,NA
"61","ALNINC_SH_4_1",2,NA,NA,NA,NA,NA,NA,"ALNINC_SH_4",3.85,403.25,NA,NA
"62","ALNINC_SH_4_1",2,NA,NA,NA,NA,NA,NA,"ALNINC_SH_4",3.85,403.25,NA,NA
"63","BETALL_SH_4_1",3,NA,NA,NA,NA,NA,NA,"BETALL_SH_4",1.4,302.8,NA,NA
"64","BETALL_SH_4_2",3,NA,NA,NA,NA,NA,NA,"BETALL_SH_4",1.4,302.8,NA,NA
"65","ALNINC_GR_11B_1",3,NA,NA,NA,NA,NA,NA,"ALNINC_GR_11B",2.3,316.8,NA,NA
"66","ALNINC_GR_11B_2",3,NA,NA,NA,NA,NA,NA,"ALNINC_GR_11B",2.3,316.8,NA,NA
"67","BETPOP_GR_5B_1",3,NA,NA,NA,NA,NA,NA,"BETPOP_GR_5B",2.2,382.4,NA,NA
"68","BETPOP_GR_5B_2",3,NA,NA,NA,NA,NA,NA,"BETPOP_GR_5B",2.2,382.4,NA,NA
"69","ALNINC_GR_1_1",3,NA,NA,NA,NA,NA,NA,"ALNINC_GR_1",1.7,333.8,NA,NA
"70","ALNINC_GR_1_2",3,NA,NA,NA,NA,NA,NA,"ALNINC_GR_1",1.7,333.8,NA,NA
"71","ALNINC_GR_8_1",3,NA,NA,NA,NA,NA,NA,"ALNINC_GR_8",2.23,407,NA,NA
"72","ALNINC_GR_8_2",3,NA,NA,NA,NA,NA,NA,"ALNINC_GR_8",2.23,407,NA,NA
"73","BETPOP_HF_1_1",3,NA,NA,NA,NA,NA,NA,"BETPOP_HF_1",1.6,331.2,NA,NA
"74","BETPOP_HF_1_2",3,NA,NA,NA,NA,NA,NA,"BETPOP_HF_1",1.6,331.2,NA,NA
"75","BETPOP_WM_7_1",3,NA,NA,NA,NA,NA,NA,"BETPOP_WM_7",4.7,458,NA,NA
"76","BETPOP_WM_7_2",3,NA,NA,NA,NA,NA,NA,"BETPOP_WM_7",4.7,458,NA,NA
"77","AMECAN_GR_10B_1",3,NA,NA,NA,NA,NA,NA,"AMECAN_GR_10B",NA,179,136,14519.36
"78","AMECAN_GR_10B_2",3,NA,NA,NA,NA,NA,NA,"AMECAN_GR_10B",NA,179,136,14519.36
"79","ALNINC_GR_11A_1",3,NA,NA,NA,NA,NA,NA,"ALNINC_GR_11A",1.6,348,NA,NA
"80","ALNINC_GR_11A_2",3,NA,NA,NA,NA,NA,NA,"ALNINC_GR_11A",1.6,348,NA,NA
"81","AMECAN_GR_10A_1",3,NA,NA,NA,NA,NA,NA,"AMECAN_GR_10A",NA,148,98,7539.14
"82","AMECAN_GR_10A_2",3,NA,NA,NA,NA,NA,NA,"AMECAN_GR_10A",NA,148,98,7539.14
"83","BETPAP_HF_16_1",3,NA,NA,NA,NA,NA,NA,"BETPAP_HF_16",1.7,311.9,NA,NA
"84","BETPAP_HF_16_2",3,NA,NA,NA,NA,NA,NA,"BETPAP_HF_16",1.7,311.9,NA,NA
"85","BETALL_GR_9_1",3,NA,NA,NA,NA,NA,NA,"BETALL_GR_9",1.6,279.1,NA,NA
"86","BETALL_GR_9_2",3,NA,NA,NA,NA,NA,NA,"BETALL_GR_9",1.6,279.1,NA,NA
"87","BETPOP_GR_5A_1",3,NA,NA,NA,NA,NA,NA,"BETPOP_GR_5A",1.6,332,NA,NA
"88","BETPOP_GR_5A_2",3,NA,NA,NA,NA,NA,NA,"BETPOP_GR_5A",1.6,332,NA,NA
"89","BETALL_GR_12_1",3,NA,NA,NA,NA,NA,NA,"BETALL_GR_12",1.4,328.9,NA,NA
"90","BETALL_GR_12_2",3,NA,NA,NA,NA,NA,NA,"BETALL_GR_12",1.4,328.9,NA,NA
"91","BETPAP_GR_8_1",3,NA,NA,NA,NA,NA,NA,"BETPAP_GR_8",NA,175,NA,NA
"92","BETPAP_GR_8_2",3,NA,NA,NA,NA,NA,NA,"BETPAP_GR_8",NA,175,NA,NA
"93","BETALL_GR_1_1",3,NA,NA,NA,NA,NA,NA,"BETALL_GR_1",1.8,309.8,NA,NA
"94","BETALL_GR_1_2",3,NA,NA,NA,NA,NA,NA,"BETALL_GR_1",1.8,309.8,NA,NA
"95","ALNINC_SH_5_1",3,NA,NA,NA,NA,NA,NA,"ALNINC_SH_5",1.6,169.6,NA,NA
"96","ALNINC_SH_5_2",3,NA,NA,NA,NA,NA,NA,"ALNINC_SH_5",1.6,169.6,NA,NA
"97","VIBCAS_SH_5_1",4,NA,NA,NA,NA,NA,NA,"VIBCAS_SH_5",NA,170,86,5805.86
"98","VIBCAS_SH_5_2",4,NA,NA,NA,NA,NA,NA,"VIBCAS_SH_5",NA,170,86,5805.86
"99","VIBCAS_GR_10_1",4,NA,NA,NA,NA,NA,NA,"VIBCAS_GR_10",NA,105,106,8820.26
"100","VIBCAS_GR_10_2",4,NA,NA,NA,NA,NA,NA,"VIBCAS_GR_10",NA,105,106,8820.26
"101","SPIALB_SH_9B_1",4,NA,NA,NA,NA,NA,NA,"SPIALB_SH_9B",NA,133,137,14733.665
"102","SPIALB_SH_9B_2",4,NA,NA,NA,NA,NA,NA,"SPIALB_SH_9B",NA,133,137,14733.665
"103","AROMEL_WM_5_1",4,NA,NA,NA,NA,NA,NA,"AROMEL_WM_5",NA,33,50,1962.5
"104","AROMEL_WM_5_2",4,NA,NA,NA,NA,NA,NA,"AROMEL_WM_5",NA,33,50,1962.5
"105","SPITOM_WM_5E_1",4,NA,NA,NA,NA,NA,NA,"SPITOM_WM_5E",NA,102,95,7084.625
"106","SPITOM_WM_5E_2",4,NA,NA,NA,NA,NA,NA,"SPITOM_WM_5E",NA,102,95,7084.625
"107","SPIALB_WM_7B_1",4,NA,NA,NA,NA,NA,NA,"SPIALB_WM_7B",NA,149,179,25152.185
"108","SPIALB_WM_7B_2",4,NA,NA,NA,NA,NA,NA,"SPIALB_WM_7B",NA,149,179,25152.185
"109","MYRGAL_GR_8D_1",4,NA,NA,NA,NA,NA,NA,"MYRGAL_GR_8D",NA,78,106,8820.26
"110","MYRGAL_GR_8D_2",4,NA,NA,NA,NA,NA,NA,"MYRGAL_GR_8D",NA,78,106,8820.26
"111","MYRGAL_SH_1B_1",4,NA,NA,NA,NA,NA,NA,"MYRGAL_SH_1B",NA,187,76,4534.16
"112","MYRGAL_SH_1B_2",4,NA,NA,NA,NA,NA,NA,"MYRGAL_SH_1B",NA,187,76,4534.16
"113","MYRGAL_WM_6A_1",4,NA,NA,NA,NA,NA,NA,"MYRGAL_WM_6A",NA,86,95,7084.625
"114","MYRGAL_WM_6A_2",4,NA,NA,NA,NA,NA,NA,"MYRGAL_WM_6A",NA,86,95,7084.625
"115","SPIALB_SH_9A_1",4,NA,NA,NA,NA,NA,NA,"SPIALB_SH_9A",NA,32.2,152.4,18232.2216
"116","SPIALB_SH_9A_2",4,NA,NA,NA,NA,NA,NA,"SPIALB_SH_9A",NA,32.2,152.4,18232.2216
"117","AROMEL_WM_2_1",4,NA,NA,NA,NA,NA,NA,"AROMEL_WM_2",NA,90,78,4775.94
"118","AROMEL_WM_2_2",4,NA,NA,NA,NA,NA,NA,"AROMEL_WM_2",NA,90,78,4775.94
"119","SPIALB_HF_1_1",4,NA,NA,NA,NA,NA,NA,"SPIALB_HF_1",NA,96.8,151.8,18088.9434
"120","SPIALB_HF_1_2",4,NA,NA,NA,NA,NA,NA,"SPIALB_HF_1",NA,96.8,151.8,18088.9434
"121","SPITOM_WM_5B_1",4,NA,NA,NA,NA,NA,NA,"SPITOM_WM_5B",NA,87,102,8167.14
"122","SPITOM_WM_5B_2",4,NA,NA,NA,NA,NA,NA,"SPITOM_WM_5B",NA,87,102,8167.14
"123","MYRGAL_SH_2A_1",4,NA,NA,NA,NA,NA,NA,"MYRGAL_SH_2A",NA,72,109,9326.585
"124","MYRGAL_SH_2A_2",4,NA,NA,NA,NA,NA,NA,"MYRGAL_SH_2A",NA,72,109,9326.585
"125","MYRGAL_GR_8B_1",4,NA,NA,NA,NA,NA,NA,"MYRGAL_GR_8B",NA,65,63,3115.665
"126","MYRGAL_GR_8B_2",4,NA,NA,NA,NA,NA,NA,"MYRGAL_GR_8B",NA,65,63,3115.665
"127","SPITOM_SH_99_1",4,NA,NA,NA,NA,NA,NA,"SPITOM_SH_99",NA,136,123,11876.265
"128","SPITOM_SH_99_2",4,NA,NA,NA,NA,NA,NA,"SPITOM_SH_99",NA,136,123,11876.265
"129","MYRGAL_GR_8A_1",4,NA,NA,NA,NA,NA,NA,"MYRGAL_GR_8A",NA,68,109,9326.585
"130","MYRGAL_GR_8A_2",4,NA,NA,NA,NA,NA,NA,"MYRGAL_GR_8A",NA,68,109,9326.585
"131","SPIALB_HF_4_1",4,NA,NA,NA,NA,NA,NA,"SPIALB_HF_4",NA,NA,NA,NA
"132","SPIALB_HF_4_2",4,NA,NA,NA,NA,NA,NA,"SPIALB_HF_4",NA,NA,NA,NA
"133","SPITOM_SH_9_1",4,NA,NA,NA,NA,NA,NA,"SPITOM_SH_9",NA,120,80,5024
"134","SPITOM_SH_9_2",4,NA,NA,NA,NA,NA,NA,"SPITOM_SH_9",NA,120,80,5024
"135","MYRGAL_SH_1A_1",4,NA,NA,NA,NA,NA,NA,"MYRGAL_SH_1A",NA,81,124,12070.16
"136","MYRGAL_SH_1A_2",4,NA,NA,NA,NA,NA,NA,"MYRGAL_SH_1A",NA,81,124,12070.16
"137","SPIALB_GR_3_1",4,NA,NA,NA,NA,NA,NA,"SPIALB_GR_3",NA,168.2,189.6,28219.3056
"138","SPIALB_GR_3_2",4,NA,NA,NA,NA,NA,NA,"SPIALB_GR_3",NA,168.2,189.6,28219.3056
"139","VIBCAS_WM_4_1",4,NA,NA,NA,NA,NA,NA,"VIBCAS_WM_4",NA,145,132,13677.84
"140","VIBCAS_WM_4_2",4,NA,NA,NA,NA,NA,NA,"VIBCAS_WM_4",NA,145,132,13677.84
"141","SPITOM_WM_5C_1",4,NA,NA,NA,NA,NA,NA,"SPITOM_WM_5C",NA,121,79,4899.185
"142","SPITOM_WM_5C_2",4,NA,NA,NA,NA,NA,NA,"SPITOM_WM_5C",NA,121,79,4899.185
"143","SPIALB_SH_8_1",4,NA,NA,NA,NA,NA,NA,"SPIALB_SH_8",NA,144.8,129,13063.185
"144","SPIALB_SH_8_2",4,NA,NA,NA,NA,NA,NA,"SPIALB_SH_8",NA,144.8,129,13063.185
"145","VIBCAS_GR_12A_1",4,NA,NA,NA,NA,NA,NA,"VIBCAS_GR_12A",NA,125,150,17662.5
"146","VIBCAS_GR_12A_2",4,NA,NA,NA,NA,NA,NA,"VIBCAS_GR_12A",NA,125,150,17662.5
"147","AROMEL_WM_15_1",4,NA,NA,NA,NA,NA,NA,"AROMEL_WM_15",NA,94,92,6644.24
"148","AROMEL_WM_15_2",4,NA,NA,NA,NA,NA,NA,"AROMEL_WM_15",NA,94,92,6644.24
"149","SPIALB_SH_4A_1",4,NA,NA,NA,NA,NA,NA,"SPIALB_SH_4A",NA,182.4,185.5,27012.04625
"150","SPIALB_SH_4A_2",4,NA,NA,NA,NA,NA,NA,"SPIALB_SH_4A",NA,182.4,185.5,27012.04625
"151","SPIALB_SH_7_1",4,NA,NA,NA,NA,NA,NA,"SPIALB_SH_7",NA,170.7,158,19596.74
"152","SPIALB_SH_7_2",4,NA,NA,NA,NA,NA,NA,"SPIALB_SH_7",NA,170.7,158,19596.74
"153","MYRGAL_WM_6B_1",4,NA,NA,NA,NA,NA,NA,"MYRGAL_WM_6B",NA,72,95,7084.625
"154","MYRGAL_WM_6B_2",4,NA,NA,NA,NA,NA,NA,"MYRGAL_WM_6B",NA,72,95,7084.625
"155","SPIALB_GR_7_1",4,NA,NA,NA,NA,NA,NA,"SPIALB_GR_7",NA,136.2,185.5,27012.04625
"156","SPIALB_GR_7_2",4,NA,NA,NA,NA,NA,NA,"SPIALB_GR_7",NA,136.2,185.5,27012.04625
"157","SPIALB_SH_4B_1",4,NA,NA,NA,NA,NA,NA,"SPIALB_SH_4B",NA,131,81.2,5175.8504
"158","SPIALB_SH_4B_2",4,NA,NA,NA,NA,NA,NA,"SPIALB_SH_4B",NA,131,81.2,5175.8504
"159","VIBCAS_GR_12B_1",4,NA,NA,NA,NA,NA,NA,"VIBCAS_GR_12B",NA,151,143,16052.465
"160","VIBCAS_GR_12B_2",4,NA,NA,NA,NA,NA,NA,"VIBCAS_GR_12B",NA,151,143,16052.465
"161","SPIALB_WM_7A_1",4,NA,NA,NA,NA,NA,NA,"SPIALB_WM_7A",NA,146,139,15166.985
"162","SPIALB_WM_7A_2",4,NA,NA,NA,NA,NA,NA,"SPIALB_WM_7A",NA,146,139,15166.985
"163","MYRGAL_GR_8C_1",4,NA,NA,NA,NA,NA,NA,"MYRGAL_GR_8C",NA,73,95,7084.625
"164","MYRGAL_GR_8C_2",4,NA,NA,NA,NA,NA,NA,"MYRGAL_GR_8C",NA,73,95,7084.625
"165","SPIALB_HF_8_1",4,NA,NA,NA,NA,NA,NA,"SPIALB_HF_8",NA,161,140,15386
"166","SPIALB_HF_8_2",4,NA,NA,NA,NA,NA,NA,"SPIALB_HF_8",NA,161,140,15386
"167","SPITOM_WM_5D_1",4,NA,NA,NA,NA,NA,NA,"SPITOM_WM_5D",NA,115,85,5671.625
"168","SPITOM_WM_5D_2",4,NA,NA,NA,NA,NA,NA,"SPITOM_WM_5D",NA,115,85,5671.625
"169","SPIALB_SH_1_1",4,NA,NA,NA,NA,NA,NA,"SPIALB_SH_1",NA,121,108,9156.24
"170","SPIALB_SH_1_2",4,NA,NA,NA,NA,NA,NA,"SPIALB_SH_1",NA,121,108,9156.24
"171","MYRGAL_SH_2B_1",4,NA,NA,NA,NA,NA,NA,"MYRGAL_SH_2B",NA,72,150,17662.5
"172","MYRGAL_SH_2B_2",4,NA,NA,NA,NA,NA,NA,"MYRGAL_SH_2B",NA,72,150,17662.5
"173","SPITOM_WM_5A_1",4,NA,NA,NA,NA,NA,NA,"SPITOM_WM_5A",NA,140,118,10930.34
"174","SPITOM_WM_5A_2",4,NA,NA,NA,NA,NA,NA,"SPITOM_WM_5A",NA,140,118,10930.34
"175","SPIALB_GR_12_1",4,NA,NA,NA,NA,NA,NA,"SPIALB_GR_12",NA,86.8,88.4,6134.4296
"176","SPIALB_GR_12_2",4,NA,NA,NA,NA,NA,NA,"SPIALB_GR_12",NA,86.8,88.4,6134.4296
"177","VIBCAS_GR_9_1",4,NA,NA,NA,NA,NA,NA,"VIBCAS_GR_9",NA,111,104,8490.56
"178","VIBCAS_GR_9_2",4,NA,NA,NA,NA,NA,NA,"VIBCAS_GR_9",NA,111,104,8490.56
"179","VIBCAS_SH_1_1",4,NA,NA,NA,NA,NA,NA,"VIBCAS_SH_1",NA,135,135,14306.625
"180","VIBCAS_SH_1_2",4,NA,NA,NA,NA,NA,NA,"VIBCAS_SH_1",NA,135,135,14306.625
"181","ACEPEN_WM_5_1",5,NA,NA,NA,NA,NA,NA,"ACEPEN_WM_5",NA,129,NA,NA
"182","ACEPEN_WM_5_2",5,NA,NA,NA,NA,NA,NA,"ACEPEN_WM_5",NA,129,NA,NA
"183","BETPAP_HF_16_1",5,NA,NA,NA,NA,NA,NA,"BETPAP_HF_16",1.5,298.64,NA,NA
"184","BETPAP_HF_16_2",5,NA,NA,NA,NA,NA,NA,"BETPAP_HF_16",1.5,298.64,NA,NA
"185","BETALL_WM_8B_1",5,NA,NA,NA,NA,NA,NA,"BETALL_WM_8B",1.9,306,NA,NA
"186","BETALL_WM_8B_2",5,NA,NA,NA,NA,NA,NA,"BETALL_WM_8B",1.9,306,NA,NA
"187","AMECAN_SH_4_1",5,NA,NA,NA,NA,NA,NA,"AMECAN_SH_4",NA,150,10,78.5
"188","AMECAN_SH_4_2",5,NA,NA,NA,NA,NA,NA,"AMECAN_SH_4",NA,150,10,78.5
"189","AMECAN_GR_10B_1",5,NA,NA,NA,NA,NA,NA,"AMECAN_GR_10B",NA,93,52,2122.64
"190","AMECAN_GR_10B_2",5,NA,NA,NA,NA,NA,NA,"AMECAN_GR_10B",NA,93,52,2122.64
"191","ALNINC_GR_1_1",5,NA,NA,NA,NA,NA,NA,"ALNINC_GR_1",NA,NA,NA,NA
"192","ALNINC_GR_1_2",5,NA,NA,NA,NA,NA,NA,"ALNINC_GR_1",NA,NA,NA,NA
"193","ALNINC_SH_6_1",5,NA,NA,NA,NA,NA,NA,"ALNINC_SH_6",2.73,652.62,NA,NA
"194","ALNINC_SH_6_2",5,NA,NA,NA,NA,NA,NA,"ALNINC_SH_6",2.73,652.62,NA,NA
"195","ALNINC_GR_8B_1",5,NA,NA,NA,NA,NA,NA,"ALNINC_GR_8B",2.35,345.6,NA,NA
"196","ALNINC_GR_8B_2",5,NA,NA,NA,NA,NA,NA,"ALNINC_GR_8B",2.35,345.6,NA,NA
"197","ALNINC_GR_8A_1",5,NA,NA,NA,NA,NA,NA,"ALNINC_GR_8A",1.86,404.63,NA,NA
"198","ALNINC_GR_8A_2",5,NA,NA,NA,NA,NA,NA,"ALNINC_GR_8A",1.86,404.63,NA,NA
"199","AMECAN_GR_10A_1",5,NA,NA,NA,NA,NA,NA,"AMECAN_GR_10A",NA,65,25,490.625
"200","AMECAN_GR_10A_2",5,NA,NA,NA,NA,NA,NA,"AMECAN_GR_10A",NA,65,25,490.625
"201","ACEPEN_HF_12_1",5,NA,NA,NA,NA,NA,NA,"ACEPEN_HF_12",NA,137,NA,NA
"202","ACEPEN_HF_12_2",5,NA,NA,NA,NA,NA,NA,"ACEPEN_HF_12",NA,137,NA,NA
"203","BETPAP_GR_8_1",5,NA,NA,NA,NA,NA,NA,"BETPAP_GR_8",NA,246.5,NA,NA
"204","BETPAP_GR_8_2",5,NA,NA,NA,NA,NA,NA,"BETPAP_GR_8",NA,246.5,NA,NA
"205","BETALL_WM_8A_1",5,NA,NA,NA,NA,NA,NA,"BETALL_WM_8A",3,444.5,NA,NA
"206","BETALL_WM_8A_2",5,NA,NA,NA,NA,NA,NA,"BETALL_WM_8A",3,444.5,NA,NA
"207","QUERUB_HF_99_1",5,NA,NA,NA,NA,NA,NA,"QUERUB_HF_99",NA,87,NA,NA
"208","QUERUB_HF_99_2",5,NA,NA,NA,NA,NA,NA,"QUERUB_HF_99",NA,87,NA,NA
"209","QUERUB_GR_9_1",5,NA,NA,NA,NA,NA,NA,"QUERUB_GR_9",NA,NA,NA,NA
"210","QUERUB_GR_9_2",5,NA,NA,NA,NA,NA,NA,"QUERUB_GR_9",NA,NA,NA,NA
"211","BETPOP_WM_7_1",6,NA,NA,NA,NA,NA,NA,"BETPOP_WM_7",1.4,NA,NA,NA
"212","BETPOP_WM_7_2",6,NA,NA,NA,NA,NA,NA,"BETPOP_WM_7",1.4,NA,NA,NA
"213","AMECAN_GR_10_1",6,NA,NA,NA,NA,NA,NA,"AMECAN_GR_10",NA,177,102,8167.14
"214","AMECAN_GR_10_2",6,NA,NA,NA,NA,NA,NA,"AMECAN_GR_10",NA,177,102,8167.14
"215","AMECAN_SH_2_1",6,NA,NA,NA,NA,NA,NA,"AMECAN_SH_2",NA,NA,NA,NA
"216","AMECAN_SH_2_2",6,NA,NA,NA,NA,NA,NA,"AMECAN_SH_2",NA,NA,NA,NA
"217","BETPOP_HF_5_1",6,NA,NA,NA,NA,NA,NA,"BETPOP_HF_5",3.5,481,NA,NA
"218","BETPOP_HF_5_2",6,NA,NA,NA,NA,NA,NA,"BETPOP_HF_5",3.5,481,NA,NA
"219","ALNINC_HF_9_1",6,NA,NA,NA,NA,NA,NA,"ALNINC_HF_9",1.33,296.4,NA,NA
"220","ALNINC_HF_9_2",6,NA,NA,NA,NA,NA,NA,"ALNINC_HF_9",1.33,296.4,NA,NA
"221","BETALL_SH_2_1",6,NA,NA,NA,NA,NA,NA,"BETALL_SH_2",NA,200.1,NA,NA
"222","BETALL_SH_2_2",6,NA,NA,NA,NA,NA,NA,"BETALL_SH_2",NA,200.1,NA,NA
"223","BETALL_SH_5_1",6,NA,NA,NA,NA,NA,NA,"BETALL_SH_5",NA,58,NA,NA
"224","BETALL_SH_5_2",6,NA,NA,NA,NA,NA,NA,"BETALL_SH_5",NA,58,NA,NA
"225","ALNINC_HF_5_1",6,NA,NA,NA,NA,NA,NA,"ALNINC_HF_5",2.26,416,NA,NA
"226","ALNINC_HF_5_2",6,NA,NA,NA,NA,NA,NA,"ALNINC_HF_5",2.26,416,NA,NA
"227","BETPAP_GR_8_1",6,NA,NA,NA,NA,NA,NA,"BETPAP_GR_8",NA,62,NA,NA
"228","BETPAP_GR_8_2",6,NA,NA,NA,NA,NA,NA,"BETPAP_GR_8",NA,62,NA,NA
"229","AMECAN_SH_4_1",6,NA,NA,NA,NA,NA,NA,"AMECAN_SH_4",NA,184,86,5805.86
"230","AMECAN_SH_4_2",6,NA,NA,NA,NA,NA,NA,"AMECAN_SH_4",NA,184,86,5805.86
"231","BETPOP_HF_3B_1",6,NA,NA,NA,NA,NA,NA,"BETPOP_HF_3B",3.1,516.9,NA,NA
"232","BETPOP_HF_3B_2",6,NA,NA,NA,NA,NA,NA,"BETPOP_HF_3B",3.1,516.9,NA,NA
"233","BETPOP_HF_3A_1",6,NA,NA,NA,NA,NA,NA,"BETPOP_HF_3A",1,270.8,NA,NA
"234","BETPOP_HF_3A_2",6,NA,NA,NA,NA,NA,NA,"BETPOP_HF_3A",1,270.8,NA,NA
"235","BETPOP_GR_3_1",6,NA,NA,NA,NA,NA,NA,"BETPOP_GR_3",2.3,413.12,NA,NA
"236","BETPOP_GR_3_2",6,NA,NA,NA,NA,NA,NA,"BETPOP_GR_3",2.3,413.12,NA,NA
"237","BETPOP_GR_5_1",6,NA,NA,NA,NA,NA,NA,"BETPOP_GR_5",2,372.5,NA,NA
"238","BETPOP_GR_5_2",6,NA,NA,NA,NA,NA,NA,"BETPOP_GR_5",2,372.5,NA,NA
"239","BETALL_SH_9_1",6,NA,NA,NA,NA,NA,NA,"BETALL_SH_9",1.3,295.5,NA,NA
"240","BETALL_SH_9_2",6,NA,NA,NA,NA,NA,NA,"BETALL_SH_9",1.3,295.5,NA,NA
"241","BETPAP_HF_16A_1",6,NA,NA,NA,NA,NA,NA,"BETPAP_HF_16A",1.7,302.4,NA,NA
"242","BETPAP_HF_16A_2",6,NA,NA,NA,NA,NA,NA,"BETPAP_HF_16A",1.7,302.4,NA,NA
"243","BETPAP_HF_16B_1",6,NA,NA,NA,NA,NA,NA,"BETPAP_HF_16B",1.2,303.2,NA,NA
"244","BETPAP_HF_16B_2",6,NA,NA,NA,NA,NA,NA,"BETPAP_HF_16B",1.2,303.2,NA,NA
"245","SAMRAC_GR_9_1",7,NA,NA,NA,NA,NA,NA,"SAMRAC_GR_9",NA,183,212,35281.04
"246","SAMRAC_GR_9_2",7,NA,NA,NA,NA,NA,NA,"SAMRAC_GR_9",NA,183,212,35281.04
"247","SAMRAC_GR_4_1",7,NA,NA,NA,NA,NA,NA,"SAMRAC_GR_4",NA,263,245,47119.625
"248","SAMRAC_GR_4_2",7,NA,NA,NA,NA,NA,NA,"SAMRAC_GR_4",NA,263,245,47119.625
"249","DIELON_HF_3_1",7,NA,NA,NA,NA,NA,NA,"DIELON_HF_3",NA,111,150,17662.5
"250","DIELON_HF_3_2",7,NA,NA,NA,NA,NA,NA,"DIELON_HF_3",NA,111,150,17662.5
"251","SAMRAC_GR_2_1",7,NA,NA,NA,NA,NA,NA,"SAMRAC_GR_2",NA,183,175,24040.625
"252","SAMRAC_GR_2_2",7,NA,NA,NA,NA,NA,NA,"SAMRAC_GR_2",NA,183,175,24040.625
"253","DIELON_GR_5A_1",7,NA,NA,NA,NA,NA,NA,"DIELON_GR_5A",NA,50,85,5671.625
"254","DIELON_GR_5A_2",7,NA,NA,NA,NA,NA,NA,"DIELON_GR_5A",NA,50,85,5671.625
"255","SORAME_GR_9A_1",7,NA,NA,NA,NA,NA,NA,"SORAME_GR_9A",NA,22,35,961.625
"256","SORAME_GR_9A_2",7,NA,NA,NA,NA,NA,NA,"SORAME_GR_9A",NA,22,35,961.625
"257","SAMRAC_GR_7A_1",7,NA,NA,NA,NA,NA,NA,"SAMRAC_GR_7A",NA,208,283,62869.865
"258","SAMRAC_GR_7A_2",7,NA,NA,NA,NA,NA,NA,"SAMRAC_GR_7A",NA,208,283,62869.865
"259","DIELON_HF_1A_1",7,NA,NA,NA,NA,NA,NA,"DIELON_HF_1A",NA,75,90,6358.5
"260","DIELON_HF_1A_2",7,NA,NA,NA,NA,NA,NA,"DIELON_HF_1A",NA,75,90,6358.5
"261","DIELON_HF_4_1",7,NA,NA,NA,NA,NA,NA,"DIELON_HF_4",NA,72,59,2732.585
"262","DIELON_HF_4_2",7,NA,NA,NA,NA,NA,NA,"DIELON_HF_4",NA,72,59,2732.585
"263","SORAME_SH_3_1",7,NA,NA,NA,NA,NA,NA,"SORAME_SH_3",NA,52,61,2920.985
"264","SORAME_SH_3_2",7,NA,NA,NA,NA,NA,NA,"SORAME_SH_3",NA,52,61,2920.985
"265","SORAME_GR_9B_1",7,NA,NA,NA,NA,NA,NA,"SORAME_GR_9B",NA,115,81,5150.385
"266","SORAME_GR_9B_2",7,NA,NA,NA,NA,NA,NA,"SORAME_GR_9B",NA,115,81,5150.385
"267","DIELON_GR_5B_1",7,NA,NA,NA,NA,NA,NA,"DIELON_GR_5B",NA,99,145,16504.625
"268","DIELON_GR_5B_2",7,NA,NA,NA,NA,NA,NA,"DIELON_GR_5B",NA,99,145,16504.625
"269","SORAME_GR_9C_1",7,NA,NA,NA,NA,NA,NA,"SORAME_GR_9C",NA,63,48,1808.64
"270","SORAME_GR_9C_2",7,NA,NA,NA,NA,NA,NA,"SORAME_GR_9C",NA,63,48,1808.64
"271","DIELON_SH_4_1",7,NA,NA,NA,NA,NA,NA,"DIELON_SH_4",NA,95,170,22686.5
"272","DIELON_SH_4_2",7,NA,NA,NA,NA,NA,NA,"DIELON_SH_4",NA,95,170,22686.5
"273","DIELON_GR_5C_1",7,NA,NA,NA,NA,NA,NA,"DIELON_GR_5C",NA,105,137,14733.665
"274","DIELON_GR_5C_2",7,NA,NA,NA,NA,NA,NA,"DIELON_GR_5C",NA,105,137,14733.665
"275","DIELON_HF_2_1",7,NA,NA,NA,NA,NA,NA,"DIELON_HF_2",NA,50,68,3629.84
"276","DIELON_HF_2_2",7,NA,NA,NA,NA,NA,NA,"DIELON_HF_2",NA,50,68,3629.84
"277","DIELON_HF_1B_1",7,NA,NA,NA,NA,NA,NA,"DIELON_HF_1B",NA,145,200,31400
"278","DIELON_HF_1B_2",7,NA,NA,NA,NA,NA,NA,"DIELON_HF_1B",NA,145,200,31400
"279","ACESPI_GR_4_1",7,NA,NA,NA,NA,NA,NA,"ACESPI_GR_4",NA,108,81,5150.385
"280","ACESPI_GR_4_2",7,NA,NA,NA,NA,NA,NA,"ACESPI_GR_4",NA,108,81,5150.385
"281","SORAME_GR_9D_1",7,NA,NA,NA,NA,NA,NA,"SORAME_GR_9D",NA,22,20,314
"282","SORAME_GR_9D_2",7,NA,NA,NA,NA,NA,NA,"SORAME_GR_9D",NA,22,20,314
"283","SAMRAC_GR_7B_1",7,NA,NA,NA,NA,NA,NA,"SAMRAC_GR_7B",NA,148,125,12265.625
"284","SAMRAC_GR_7B_2",7,NA,NA,NA,NA,NA,NA,"SAMRAC_GR_7B",NA,148,125,12265.625
"285","ACESPI_WM_1_1",7,NA,NA,NA,NA,NA,NA,"ACESPI_WM_1",NA,45,20,314
"286","ACESPI_WM_1_2",7,NA,NA,NA,NA,NA,NA,"ACESPI_WM_1",NA,45,20,314
"287","DIELON_WM_1",7,NA,NA,NA,NA,NA,NA,"DIELON_WM",NA,NA,NA,NA
"288","DIELON_WM_2",7,NA,NA,NA,NA,NA,NA,"DIELON_WM",NA,NA,NA,NA
"289","VIBCAS_GR_5_1",8,1.385,NA,46.204,0.002,0.004,0.45,"VIBCAS_GR_5",NA,130,54,2289.06
"290","VIBCAS_GR_5_2",8,1.468,NA,48.653,0.004,0.008,0.65,"VIBCAS_GR_5",NA,130,54,2289.06
"291","SPITOM_GR_1_1",8,0.134,NA,8.629,0,0,0.5,"SPITOM_GR_1",NA,105,60,2826
"292","SPITOM_GR_1_2",8,0.125,NA,8.257,0,0,0.41,"SPITOM_GR_1",NA,105,60,2826
"293","SPIALB_SH_7B_1",8,NA,NA,NA,NA,NA,NA,"SPIALB_SH_7B",NA,155.2,131.1,13491.95985
"294","SPIALB_SH_7B_2",8,NA,NA,NA,NA,NA,NA,"SPIALB_SH_7B",NA,155.2,131.1,13491.95985
"295","VIBCAS_WM_9B_1",8,0.454,NA,17.695,0.001,0.004,0.45,"VIBCAS_WM_9B",NA,120,70,3846.5
"296","VIBCAS_WM_9B_2",8,0.511,NA,18.645,0.008,0.044,1.18,"VIBCAS_WM_9B",NA,120,70,3846.5
"297","SPITOM_HF_13_1",8,0.075,NA,6.407,0,0,0.43,"SPITOM_HF_13",NA,122,84,5538.96
"298","SPITOM_HF_13_2",8,0.082,NA,4.995,0.001,0.019,0.38,"SPITOM_HF_13",NA,122,84,5538.96
"299","SPIALB_HF_2_1",8,0.184,NA,5.771,0,0,0.78,"SPIALB_HF_2",NA,169.7,167.2,21945.3344
"300","SPIALB_HF_2_2",8,0.209,NA,13.414,0.123,0.915,0.99,"SPIALB_HF_2",NA,169.7,167.2,21945.3344
"301","VIBCAS_GR_12B_1",8,0.973,NA,36.607,0.129,0.352,0.52,"VIBCAS_GR_12B",NA,105,120,11304
"302","VIBCAS_GR_12B_2",8,0.804,NA,36.264,0.145,0.399,0.69,"VIBCAS_GR_12B",NA,105,120,11304
"303","SPITOM_WM_4B_1",8,0.081,NA,28.32,0.389,1.374,0.57,"SPITOM_WM_4B",NA,105,65,3316.625
"304","SPITOM_WM_4B_2",8,0.084,NA,6.355,0,0,0.6,"SPITOM_WM_4B",NA,105,65,3316.625
"305","MYRGAL_SH_2_1",8,0.207,NA,9.106,0,0,0.47,"MYRGAL_SH_2",NA,65,105,8654.625
"306","MYRGAL_SH_2_2",8,0.141,NA,7.096,0.004,0.055,0.97,"MYRGAL_SH_2",NA,65,105,8654.625
"307","SPIALB_GR_3_1",8,0.14,NA,11.016,0,0.003,1.59,"SPIALB_GR_3",NA,149.5,126.5,12561.76625
"308","SPIALB_GR_3_2",8,0.128,NA,10.209,0.001,0.008,0.08,"SPIALB_GR_3",NA,149.5,126.5,12561.76625
"309","SPIALB_GR_12B_1",8,0.108,NA,9.742,0.001,0.006,1.43,"SPIALB_GR_12B",NA,161.4,98.8,7662.7304
"310","SPIALB_GR_12B_2",8,0.127,NA,10.438,0,0,0.54,"SPIALB_GR_12B",NA,161.4,98.8,7662.7304
"311","SPITOM_WM_5_1",8,0.039,NA,2.814,0,0,0.34,"SPITOM_WM_5",NA,110,53,2205.065
"312","SPITOM_WM_5_2",8,0.056,NA,4.247,0,0,0.79,"SPITOM_WM_5",NA,110,53,2205.065
"313","*SPITOM_GR_2E_1***mislabeld coin envelope",8,NA,NA,NA,NA,NA,NA,"*SPITOM_GR_2E_1***mislabeld coin envelo",NA,NA,NA,NA
"314","**SPITOM_GR_2E_2",8,NA,NA,NA,NA,NA,NA,"**SPITOM_GR_2E",NA,NA,NA,NA
"315","SPITOM_GR_2D_1",8,0.063,NA,4.196,0,0,0.17,"SPITOM_GR_2D",NA,93,34,907.46
"316","SPITOM_GR_2D_2 ",8,0.062,NA,4.196,0,0,0.96,"SPITOM_GR_2D_",NA,NA,NA,NA
"317","SPIALB_WM_7B_1",8,0.097,NA,7.877,0,0,1.58,"SPIALB_WM_7B",NA,135.8,99.6,7787.3256
"318","SPIALB_WM_7B_2",8,0.096,NA,7.35,0,0,1.07,"SPIALB_WM_7B",NA,135.8,99.6,7787.3256
"319","SPITOM_HF_9B_1",8,0.113,NA,7.925,0,0,1.02,"SPITOM_HF_9B",NA,110,64,3215.36
"320","SPITOM_HF_9B_2",8,0.087,NA,5.77,0,0,0.93,"SPITOM_HF_9B",NA,110,64,3215.36
"321","SPITOM_GR_2A_1",8,NA,NA,NA,NA,NA,NA,"SPITOM_GR_2A",NA,NA,NA,NA
"322","SPITOM_GR_2A_2",8,NA,NA,NA,NA,NA,NA,"SPITOM_GR_2A",NA,NA,NA,NA
"323","SPIALB_GR_5_1",8,0.077,NA,5.984,0.006,0.101,0.86,"SPIALB_GR_5",NA,138,103.5,8409.11625
"324","SPIALB_GR_5_2",8,0.093,NA,7.031,0,0,1.3,"SPIALB_GR_5",NA,138,103.5,8409.11625
"325","VIBCAS_SH_5C_1",8,0.892,NA,37.16,0,0,0.55,"VIBCAS_SH_5C",NA,120,59,2732.585
"326","VIBCAS_SH_5C_2",8,0.839,NA,34.165,0,0.001,0.26,"VIBCAS_SH_5C",NA,120,59,2732.585
"327","SPIALB_GR_12A_1",8,0.108,NA,9.742,0.001,0.006,1.43,"SPIALB_GR_12A",NA,172.4,119.6,11228.7656
"328","SPIALB_GR_12A_2",8,0.127,NA,10.438,0,0,0.54,"SPIALB_GR_12A",NA,172.4,119.6,11228.7656
"329","SPITOM_WM_4A_1",8,0.1,NA,6.604,0,0,1.56,"SPITOM_WM_4A",NA,99,50,1962.5
"330","SPITOM_WM_4A_2",8,0.099,NA,7.03,0,0,0.74,"SPITOM_WM_4A",NA,99,50,1962.5
"331","SPITOM_GR_2B_1",8,0.094,NA,6.944,0,0,0.17,"SPITOM_GR_2B",NA,90,51,2041.785
"332","SPITOM_GR_2B_2",8,0.094,NA,6.805,0,0,0.65,"SPITOM_GR_2B",NA,90,51,2041.785
"333","VIBCAS_GR_12A_1",8,1.088,NA,38.535,0.002,0.005,0.43,"VIBCAS_GR_12A",NA,130,116,10562.96
"334","VIBCAS_GR_12A_2",8,1.075,NA,38.522,0.001,0.002,0.89,"VIBCAS_GR_12A",NA,130,116,10562.96
"335","SPIALB_WM_7A_1",8,0.125,NA,9.539,0.002,0.023,1.19,"SPIALB_WM_7A",NA,149.2,103.4,8392.8746
"336","SPIALB_WM_7A_2",8,0.137,NA,10.679,0.002,0.019,1.79,"SPIALB_WM_7A",NA,149.2,103.4,8392.8746
"337","VIBCAS_SH_5B_1",8,1.224,NA,42.878,0.301,0.701,0.41,"VIBCAS_SH_5B",NA,125,111,9671.985
"338","VIBCAS_SH_5B_2",8,1.331,NA,50.558,0.003,0.006,0.36,"VIBCAS_SH_5B",NA,125,111,9671.985
"339","AROMEL_WM_7_1",8,0.185,NA,9.105,0.014,0.152,1.54,"AROMEL_WM_7",NA,55,85,5671.625
"340","AROMEL_WM_7_2",8,0.293,NA,14.43,0.017,0.12,0.74,"AROMEL_WM_7",NA,55,85,5671.625
"341","AROMEL_HF_10_1",8,0.123,NA,5.555,0,0,0.52,"AROMEL_HF_10",NA,140,93,6789.465
"342","AROMEL_HF_10_2",8,0.184,NA,8.61,0,0,1.1,"AROMEL_HF_10",NA,140,93,6789.465
"343","MYRGAL_SH_1_1",8,0.171,NA,2.699,0.001,0.033,0.76,"MYRGAL_SH_1",NA,92,140,15386
"344","MYRGAL_SH_1_2",8,0.056,NA,7.677,0,0,0.26,"MYRGAL_SH_1",NA,92,140,15386
"345","SPITOM_HF_9A_1",8,0.093,NA,6.756,0,0,0.81,"SPITOM_HF_9A",NA,NA,NA,NA
"346","SPITOM_HF_9A_2",8,0.084,NA,6.428,0.001,0.011,0.65,"SPITOM_HF_9A",NA,NA,NA,NA
"347","SPIALB_SH_7A_1",8,0.117,NA,8.69,0,0,1.04,"SPIALB_SH_7A",NA,NA,NA,NA
"348","SPIALB_SH_7A_2",8,0.121,NA,8.706,0,0,1.64,"SPIALB_SH_7A",NA,NA,NA,NA
"349","SPIALB_GR_9_1",8,0.218,NA,15.586,0.001,0.003,0.42,"SPIALB_GR_9",NA,152.2,108.1,9173.20385
"350","SPIALB_GR_9_2",8,0.237,NA,17.251,0,0,0.87,"SPIALB_GR_9",NA,152.2,108.1,9173.20385
"351","MYRGAL_WM_6B_1",8,0.151,NA,5.638,0,0,0.39,"MYRGAL_WM_6B",NA,85,NA,NA
"352","MYRGAL_WM_6B_2",8,0.128,NA,4.268,0,0,0.4,"MYRGAL_WM_6B",NA,85,NA,NA
"353","SPIALB_HF_3_1",8,0.102,NA,6.889,0,0,1.4,"SPIALB_HF_3",NA,167,202.3,32126.35265
"354","SPIALB_HF_3_2",8,0.126,NA,9.862,0.017,0.177,1.01,"SPIALB_HF_3",NA,167,202.3,32126.35265
"355","VIBCAS_WM_9A_1",8,0.627,NA,31.699,0,0,0.48,"VIBCAS_WM_9A",NA,120,64,3215.36
"356","VIBCAS_WM_9A_2",8,0.489,NA,23.004,0.002,0.007,0.27,"VIBCAS_WM_9A",NA,120,64,3215.36
"357","SPITOM_HF_6A_1",8,0.099,NA,7.03,0,0,0.74,"SPITOM_HF_6A",NA,105,63,3115.665
"358","SPITOM_HF_6A_2",8,0.099,NA,8.258,0,0,0.61,"SPITOM_HF_6A",NA,105,63,3115.665
"359","VIBCAS_SH_1B_1",8,0.811,NA,34.18,0,0.001,0.29,"VIBCAS_SH_1B",NA,123,117,10745.865
"360","VIBCAS_SH_1B_2",8,0.829,NA,35.772,0.004,0.012,0.94,"VIBCAS_SH_1B",NA,123,117,10745.865
"361","VIBCAS_SH_1A_1",8,0.882,NA,33.366,0,0,0.47,"VIBCAS_SH_1A",NA,81,62,3017.54
"362","VIBCAS_SH_1A_2",8,0.823,NA,32.166,0,0,0.52,"VIBCAS_SH_1A",NA,81,62,3017.54
"363","AROMEL_HF_4_1",8,0.522,NA,22.437,0.011,0.05,0.61,"AROMEL_HF_4",NA,163,101,8007.785
"364","AROMEL_HF_4_2",8,0.51,NA,20.95,0.007,0.036,0.61,"AROMEL_HF_4",NA,163,101,8007.785
"365","MYRGAL_WM_6A_1",8,0.161,NA,6.692,0,0,0.42,"MYRGAL_WM_6A",NA,63,160,20096
"366","MYRGAL_WM_6A_2",8,0.169,NA,7.906,0.006,0.07,0.15,"MYRGAL_WM_6A",NA,63,160,20096
"367","VIBCAS_SH_5A_1",8,0.467,NA,23.213,0,0,0.66,"VIBCAS_SH_5A",NA,87,81,5150.385
"368","VIBCAS_SH_5A_2",8,0.546,NA,25.46,0.116,0.455,0.64,"VIBCAS_SH_5A",NA,87,81,5150.385
"369","VIBCAS_WM_4_1",8,0.535,NA,19.69,0,0,0.79,"VIBCAS_WM_4",NA,109,130,13266.5
"370","VIBCAS_WM_4_2",8,0.364,NA,13.182,0.334,2.535,0.4,"VIBCAS_WM_4",NA,109,130,13266.5
"371","BETALL_SH_9_1",9,0.4,0.153,27.349,0,0.001,0.52,"BETALL_SH_9",NA,63,NA,NA
"372","BETALL_SH_9_2",9,0.395,0.158,28.476,0,0.001,0.28,"BETALL_SH_9",NA,63,NA,NA
"373","BETPOP_WM_7_1",9,0.225,0.094,13.9,0,0,0.37,"BETPOP_WM_7",1.5,155.25,NA,NA
"374","BETPOP_WM_7_2",9,0.305,0.131,20.375,0,0,0.52,"BETPOP_WM_7",1.5,155.25,NA,NA
"375","BETPAP_GR_9_1",9,NA,NA,NA,NA,NA,NA,"BETPAP_GR_9",NA,94,NA,NA
"376","BETPAP_GR_9_2",9,NA,NA,NA,NA,NA,NA,"BETPAP_GR_9",NA,94,NA,NA
"377","BETALL_WM_8_1",9,0.435,0.159,19.463,0.001,0.003,0.5,"BETALL_WM_8",NA,132,NA,NA
"378","BETALL_WM_8_2",9,0.531,0.187,25.164,0.002,0.006,0.38,"BETALL_WM_8",NA,132,NA,NA
"379","ALNINC_SH_8_1",9,1.22,0.525,63.961,0.093,0.146,0.94,"ALNINC_SH_8",2.63,326.93,NA,NA
"380","ALNINC_SH_8_2",9,0.898,0.365,40.482,0.169,0.417,1.71,"ALNINC_SH_8",2.63,326.93,NA,NA
"381","BETALL_SH_5_1",9,0.334,0.091,16.93,0.062,0.369,0.91,"BETALL_SH_5",NA,35,NA,NA
"382","BETALL_SH_5_2",9,0.489,0.148,23.251,0,0.001,0.5,"BETALL_SH_5",NA,35,NA,NA
"383","BETALL_SH_4B_1",9,0.269,0.088,14.196,0,0,0.32,"BETALL_SH_4B",NA,40,NA,NA
"384","BETALL_SH_4B_2",9,0.276,0.087,14.709,0,0.003,0.63,"BETALL_SH_4B",NA,40,NA,NA
"385","BETALL_SH_4A_1",9,0.406,0.17,12.086,0.002,0.013,0.51,"BETALL_SH_4A",NA,112,NA,NA
"386","BETALL_SH_4A_2",9,0.241,0.094,22.945,0.001,0.005,0.51,"BETALL_SH_4A",NA,112,NA,NA
"387","ALNINC_HF_9_1",9,0.872,0.3,50.27,0.001,0.002,0.58,"ALNINC_HF_9",1.9,297.2,NA,NA
"388","ALNINC_HF_9_2",9,0.988,0.355,53.04,0.031,0.059,0.91,"ALNINC_HF_9",1.9,297.2,NA,NA
"389","BETPOP_HF_4_1",9,0.207,0.09,13.513,0,0.004,0.87,"BETPOP_HF_4",1.6,296,NA,NA
"390","BETPOP_HF_4_2",9,0.273,0.12,17.042,0,0,0.45,"BETPOP_HF_4",1.6,296,NA,NA
"391","SAMRAC_HF_B_1",10,NA,NA,NA,NA,NA,NA,"SAMRAC_HF_B",NA,NA,NA,NA
"392","SAMRAC_HF_B_2",10,NA,NA,NA,NA,NA,NA,"SAMRAC_HF_B",NA,NA,NA,NA
"393","SAMRAC_GR_1_1",10,0.07,0.032,4.476,0.052,1.153,0.55,"SAMRAC_GR_1",NA,22,22,379.94
"394","SAMRAC_GR_1_2",10,0.61,0.031,3.663,0.019,0.507,0.24,"SAMRAC_GR_1",NA,22,22,379.94
"395","SAMRAC_HF_A_1",10,0.246,0.071,13.145,0.001,0.004,0.34,"SAMRAC_HF_A",NA,261,252,49850.64
"396","SAMRAC_HF_A_2",10,0.225,0.065,12.245,0.001,0.008,0.84,"SAMRAC_HF_A",NA,261,252,49850.64
"397","SAMRAC_GR_7_1",10,0.147,0.048,7.88,0,0,0.78,"SAMRAC_GR_7",NA,30,50,1962.5
"398","SAMRAC_GR_7_2",10,0.129,0.043,7.015,0,0,0.47,"SAMRAC_GR_7",NA,30,50,1962.5
"399","SORAME_SH_3B_1",10,0.02,0.011,1.845,0.019,1.028,0.55,"SORAME_SH_3B",NA,10,16,200.96
"400","SORAME_SH_3B_2",10,0.022,0.012,2.067,0,0,0.48,"SORAME_SH_3B",NA,10,16,200.96
"401","DIELON_SH_4A_1",10,0.766,0.242,33.05,0.021,0.063,0.48,"DIELON_SH_4A",NA,NA,NA,NA
"402","DIELON_SH_4A_2",10,0.672,0.21,31.39,0.009,0.029,0.3,"DIELON_SH_4A",NA,NA,NA,NA
"403","SORAME_SH_3A_1",10,NA,NA,NA,NA,NA,NA,"SORAME_SH_3A",NA,NA,NA,NA
"404","SORAME_SH_3A_2",10,NA,NA,NA,NA,NA,NA,"SORAME_SH_3A",NA,NA,NA,NA
"405","DIELON_HF_1_1",10,0.256,0.094,12.215,0,0,0.63,"DIELON_HF_1",NA,35,44,1519.76
"406","DIELON_HF_1_2",10,0.242,0.084,11.292,0.001,0.008,0.31,"DIELON_HF_1",NA,35,44,1519.76
"407","ACESPI_GR_4_1",10,0.071,0.033,4.226,0,0,0.84,"ACESPI_GR_4",NA,20,10,78.5
"408","ACESPI_GR_4_2",10,0.183,0.081,10.83,0.273,2.522,0.87,"ACESPI_GR_4",NA,20,10,78.5
"409","SORAME_GR_9B_1",10,0.013,0.007,1.029,0,0,0.65,"SORAME_GR_9B",NA,65,36,1017.36
"410","SORAME_GR_9B_2",10,0.014,0.007,1.12,0,0.014,0.56,"SORAME_GR_9B",NA,65,36,1017.36
"411","SPIALB_WM_2A_1",11,NA,NA,NA,NA,NA,NA,"SPIALB_WM_2A",NA,NA,NA,NA
"412","SPIALB_WM_2A_2",11,NA,NA,NA,NA,NA,NA,"SPIALB_WM_2A",NA,NA,NA,NA
"413","SPIALB_WM_5_1",11,0.045,0.023,4.174,0,0,0.56,"SPIALB_WM_5",NA,109,70,3846.5
"414","SPIALB_WM_5_2",11,0.068,0.034,6.395,0,0,0.86,"SPIALB_WM_5",NA,109,70,3846.5
"415","SPITOM_SH_99D_1",11,0.058,0.027,3.911,0,0.004,1.21,"SPITOM_SH_99D",NA,NA,NA,NA
"416","SPITOM_SH_99D_2",11,0.055,0.025,3.737,0,0,0.96,"SPITOM_SH_99D",NA,NA,NA,NA
"417","SPIALB_WM_4C_1",11,0.063,0.03,4.616,0,0,0.61,"SPIALB_WM_4C",NA,110,84,5538.96
"418","SPIALB_WM_4C_2",11,0.075,0.035,5.54,0,0,0.77,"SPIALB_WM_4C",NA,110,84,5538.96
"419","MYRGAL_WM_6B_1",11,0.037,0.016,2.041,0,0,0.22,"MYRGAL_WM_6B",NA,39,68,3629.84
"420","MYRGAL_WM_6B_2",11,0.047,0.022,2.338,0,0,0.3,"MYRGAL_WM_6B",NA,39,68,3629.84
"421","SPITOM_SH_99B_1",11,0.077,0.034,4.523,0,0.007,0.59,"SPITOM_SH_99B",NA,105,67,3523.865
"422","SPITOM_SH_99B_2",11,0.095,0.043,6.14,0.001,0.013,0.94,"SPITOM_SH_99B",NA,105,67,3523.865
"423","SPITOM_SH_99C_1",11,0.111,0.048,7.104,0,0,0.51,"SPITOM_SH_99C",NA,109,43,1451.465
"424","SPITOM_SH_99C_2",11,0.127,0.054,7.707,0,0,0.69,"SPITOM_SH_99C",NA,109,43,1451.465
"425","SPITOM_HF_5_1",11,0.097,0.044,6.487,0.001,0.012,0.5,"SPITOM_HF_5",NA,55,37,1074.665
"426","SPITOM_HF_5_2",11,0.081,0.038,5.329,0,0.003,0.58,"SPITOM_HF_5",NA,55,37,1074.665
"427","SPIALB_WM_4B_1",11,0.149,0.068,9.92,0,0.004,1.25,"SPIALB_WM_4B",NA,110,91,6500.585
"428","SPIALB_WM_4B_2",11,0.158,0.71,10.748,0,0.004,0.35,"SPIALB_WM_4B",NA,110,91,6500.585
"429","SPIALB_WM_4A_1",11,0.093,0.039,6.683,0.001,0.008,0.27,"SPIALB_WM_4A",NA,131,73,4183.265
"430","SPIALB_WM_4A_2",11,0.1,0.042,7.149,0,0.005,0.26,"SPIALB_WM_4A",NA,131,73,4183.265
"431","SPIALB_HF_4A_1",11,0.052,0.024,4.002,0,0.011,0.39,"SPIALB_HF_4A",NA,135,60,2826
"432","SPIALB_HF_4A_2",11,0.079,5.929,0,0.006,0.29,0.037,"SPIALB_HF_4A",NA,135,60,2826
"433","VIBCAS_WM_4_1",11,0.246,0.089,11.234,0.204,1.815,0.28,"VIBCAS_WM_4",NA,83,53,2205.065
"434","VIBCAS_WM_4_2",11,0.576,0.223,20.905,0.166,0.793,0.92,"VIBCAS_WM_4",NA,83,53,2205.065
"435","MYRGAL_WM_6A_1",11,0.078,0.034,3.207,0,0,0.19,"MYRGAL_WM_6A",NA,87,112,9847.04
"436","MYRGAL_WM_6A_2",11,0.063,0.029,2.801,0,0.013,0.15,"MYRGAL_WM_6A",NA,87,112,9847.04
"437","SPIALB_WM_2B_1",11,0.069,0.034,4.47,0.001,0.026,0.72,"SPIALB_WM_2B",NA,84,51,2041.785
"438","SPIALB_WM_2B_2",11,0.092,0.046,5.733,0.036,0.625,0.59,"SPIALB_WM_2B",NA,84,51,2041.785
"439","SPITOM_GR_1B_1",11,0.095,0.044,7.117,0,0.002,0.66,"SPITOM_GR_1B",NA,110,51,2041.785
"440","SPITOM_GR_1B_2",11,0.06,0.028,4.478,0,0,0.32,"SPITOM_GR_1B",NA,110,51,2041.785
"441","SPIALB_HF_10_1",11,0.057,0.026,3.937,0,0.005,0.61,"SPIALB_HF_10",NA,142,107,8987.465
"442","SPIALB_HF_10_2",11,0.052,0.025,NA,NA,NA,0.28,"SPIALB_HF_10",NA,142,107,8987.465
"443","AROMEL_HF_12_1",11,0.17,0.063,6.333,0,0,0.47,"AROMEL_HF_12",NA,92,33,854.865
"444","AROMEL_HF_12_2",11,0.169,0.065,7.017,0,0.002,1.44,"AROMEL_HF_12",NA,92,33,854.865
"445","VIBCAS_WM_10_1",11,0.519,0.175,22.77,0,0.001,1.19,"VIBCAS_WM_10",NA,61,65,3316.625
"446","VIBCAS_WM_10_2",11,0.394,0.136,18.961,0.002,0.008,1.01,"VIBCAS_WM_10",NA,61,65,3316.625
"447","VIBCAS_WM_9A_1",11,0.861,0.322,34.608,0.006,0.016,0.37,"VIBCAS_WM_9A",NA,120,87,5941.665
"448","VIBCAS_WM_9A_2",11,0.917,0.332,36.842,0.217,0.59,0.67,"VIBCAS_WM_9A",NA,120,87,5941.665
"449","SPITOM_SH_99E_1",11,0.079,0.034,5.067,0.001,0.028,1.12,"SPITOM_SH_99E",NA,107,53,2205.065
"450","SPITOM_SH_99E_2",11,0.107,0.047,7.185,0,0,2.17,"SPITOM_SH_99E",NA,107,53,2205.065
"451","VIBCAS_WM_9B_1",11,0.677,0.255,24.528,0.001,0.002,0.74,"VIBCAS_WM_9B",NA,65,54,2289.06
"452","VIBCAS_WM_9B_2",11,0.657,0.25,24.751,0.002,0.007,1.02,"VIBCAS_WM_9B",NA,65,54,2289.06
"453","SPIALB_HF_4B_1",11,0.077,0.036,6.047,0,0.005,0.8,"SPIALB_HF_4B",NA,136,90,6358.5
"454","SPIALB_HF_4B_2",11,0.078,0.038,6.019,0.001,0.008,0.49,"SPIALB_HF_4B",NA,136,90,6358.5
"455","SPITOM_SH_99F_1",11,0.089,0.037,5.127,0,0,0.92,"SPITOM_SH_99F",NA,107,36,1017.36
"456","SPITOM_SH_99F_2",11,0.057,0.024,3.276,0,0,0.33,"SPITOM_SH_99F",NA,107,36,1017.36
"457","AROMEL_WM_5_1",11,0.239,0.098,12.726,0,0,1.92,"AROMEL_WM_5",NA,60,62,3017.54
"458","AROMEL_WM_5_2",11,0.262,0.067,13.71,0,0,0.61,"AROMEL_WM_5",NA,60,62,3017.54
"459","VIBCAS_SH_9_1",11,0.223,0.107,10.171,0,0.005,0.34,"VIBCAS_SH_9",NA,30,38,1133.54
"460","VIBCAS_SH_9_2",11,0.268,0.085,12.394,0,0,0.49,"VIBCAS_SH_9",NA,30,38,1133.54
"461","SPITOM_GR_1A_1",11,0.04,0.017,2.715,0,0,0.17,"SPITOM_GR_1A",NA,94,65,3316.625
"462","SPITOM_GR_1A_1",11,0.04,0.017,2.715,0,0,0.17,"SPITOM_GR_1A",NA,111,78,4775.94
"463","SPITOM_GR_1A_2",11,0.042,0.017,2.492,0,0,0.29,"SPITOM_GR_1A",NA,94,65,3316.625
"464","SPITOM_GR_1A_2",11,0.042,0.017,2.492,0,0,0.29,"SPITOM_GR_1A",NA,111,78,4775.94
"465","SPITOM_HF_6_1",11,0.068,0.029,3.762,0,0,1.31,"SPITOM_HF_6",NA,30,25,490.625
"466","SPITOM_HF_6_2",11,0.43,0.18,2.715,0,0,0.51,"SPITOM_HF_6",NA,30,25,490.625
"467","VIBCAS_GR_10_1",11,0.475,0.184,19.666,0.395,2.007,0.67,"VIBCAS_GR_10",NA,129,57,2550.465
"468","VIBCAS_GR_10_2",11,0.423,0.162,19.488,0,0,0.39,"VIBCAS_GR_10",NA,129,57,2550.465
"469","VIBCAS_GR_1B_1",11,NA,NA,NA,NA,NA,NA,"VIBCAS_GR_1B",NA,NA,NA,NA
"470","VIBCAS_GR_1B_2",11,NA,NA,NA,NA,NA,NA,"VIBCAS_GR_1B",NA,NA,NA,NA
"471","SPIALB_WM_2A_1",11,NA,NA,NA,NA,NA,NA,"SPIALB_WM_2A",NA,NA,NA,NA
"472","SPIALB_WM_2A_2",11,NA,NA,NA,NA,NA,NA,"SPIALB_WM_2A",NA,NA,NA,NA
"473","AROMEL_HF_8A_1",11,0.077,0.032,3.308,0,0.005,0.81,"AROMEL_HF_8A",NA,85,60,2826
"474","AROMEL_HF_8A_2",11,0.139,0.055,5.992,0,0,0.57,"AROMEL_HF_8A",NA,85,60,2826
"475","AROMEL_HF_8B_1",11,0.331,0.129,13.633,0.001,0.004,0.42,"AROMEL_HF_8B",NA,155,38,1133.54
"476","AROMEL_HF_8B_2",11,0.372,0.158,15.895,0,0.002,0.45,"AROMEL_HF_8B",NA,155,38,1133.54
"477","ALNINC_SH_1_1",12,0.428,0.151,24.257,0,0,0.67,"ALNINC_SH_1",2.8,359.24,NA,NA
"478","ALNINC_SH_1_2",12,0.334,0.127,25.419,0.025,0.097,0.76,"ALNINC_SH_1",2.8,359.24,NA,NA
"479","ACEPEN_HF_12_1",12,1.728,0.662,79.771,0.001,0.001,0.65,"ACEPEN_HF_12",NA,170,NA,NA
"480","ACEPEN_HF_12_2",12,1.99,0.79,94.24,0.003,0.003,0.86,"ACEPEN_HF_12",NA,170,NA,NA
"481","ALNINC_HF_8_1",12,1.172,0.456,63.624,0.041,0.064,0.7,"ALNINC_HF_8",2.16,440,NA,NA
"482","ALNINC_HF_8_2",12,0.98,0.376,54.533,0.008,0.014,0.79,"ALNINC_HF_8",2.16,440,NA,NA
"483","BETPOP_GR_5A_1",12,0.675,0.255,33.592,0.001,0.002,0.5,"BETPOP_GR_5A",1,194.13,NA,NA
"484","BETPOP_GR_5A_2",12,0.705,0.241,35.136,0,0.001,0.44,"BETPOP_GR_5A",1,194.13,NA,NA
"485","BETPOP_GR_5B_1",12,0.415,0.167,29.999,0.014,0.046,0.3,"BETPOP_GR_5B",1.5,330.45,NA,NA
"486","BETPOP_GR_5B_2",12,0.433,0.177,32.979,0.012,0.035,0.27,"BETPOP_GR_5B",1.5,330.45,NA,NA
"487","BETPAP_HF_16_1",12,1.258,0.453,54.536,0,0,0.55,"BETPAP_HF_16",NA,195,NA,NA
"488","BETPAP_HF_16_2",12,0.242,0.087,12.446,0.401,3.218,0.43,"BETPAP_HF_16",NA,195,NA,NA
"489","BETALL_WM_8A_1",12,0.521,0.225,27.96,0.003,0.01,0.44,"BETALL_WM_8A",NA,169,NA,NA
"490","BETALL_WM_8A_2",12,0.49,0.206,25.97,0.002,0.008,0.49,"BETALL_WM_8A",NA,169,NA,NA
"491","BETPAP_GR_8_1",12,0.307,0.133,17.108,0.002,0.014,0.65,"BETPAP_GR_8",NA,111,NA,NA
"492","BETPAP_GR_8_2",12,0.331,0.148,18.809,1.192,6.339,0.28,"BETPAP_GR_8",NA,111,NA,NA
"493","BETPOP_GR_5C_1",12,0.673,0.282,31.735,0,0.001,0.33,"BETPOP_GR_5C",NA,172,NA,NA
"494","BETPOP_GR_5C_2",12,0.693,0.288,31.19,0.001,0.003,0.45,"BETPOP_GR_5C",NA,172,NA,NA
"495","BETALL_WM_8B_1",12,0.662,0.236,34.303,0.199,0.581,0.49,"BETALL_WM_8B",NA,NA,NA,NA
"496","BETALL_WM_8B_2",12,0.595,0.223,32.542,0.029,0.091,0.14,"BETALL_WM_8B",NA,NA,NA,NA
"497","SAMRAC_HF_A_1",13,0.088,0.027,5.21,0.415,7.973,0.64,"SAMRAC_HF_A",379.2,393,NA,NA
"498","SAMRAC_HF_A_2",13,0.171,0.05,9.702,0.001,0.009,0.57,"SAMRAC_HF_A",379.2,393,NA,NA
"499","VACMYR_WM_5_1",13,NA,NA,NA,NA,NA,NA,"VACMYR_WM_5",NA,NA,NA,NA
"500","VACMYR_WM_5_2",13,NA,NA,NA,NA,NA,NA,"VACMYR_WM_5",NA,NA,NA,NA
"501","DIELON_WM_1A_1",13,0.463,0.159,24.875,0,0,0.46,"DIELON_WM_1A",60,105,NA,NA
"502","DIELON_WM_1A_2",13,0.569,0.201,32.899,1.085,3.299,1.34,"DIELON_WM_1A",60,105,NA,NA
"503","SAMRAC_HF_B_1",13,0.219,0.064,14.165,0,0.001,0.43,"SAMRAC_HF_B",317,314,NA,NA
"504","SAMRAC_HF_B_2",13,0.161,0.044,11.964,1.805,15.089,0.18,"SAMRAC_HF_B",317,314,NA,NA
"505","VACMYR_GR_10A_1",13,NA,NA,NA,NA,NA,NA,"VACMYR_GR_10A",NA,NA,NA,NA
"506","VACMYR_GR_10A_2",13,NA,NA,NA,NA,NA,NA,"VACMYR_GR_10A",NA,NA,NA,NA
"507","DIELON_HF_2A_1",13,0.299,0.093,19.757,0.002,0.01,0.69,"DIELON_HF_2A",80,125,NA,NA
"508","DIELON_HF_2A_2",13,0.38,0.122,23.536,0.001,0.002,1.07,"DIELON_HF_2A",80,125,NA,NA
"509","SORAME_SH_1A_1",13,NA,NA,NA,NA,NA,NA,"SORAME_SH_1A",50,41,NA,NA
"510","SORAME_SH_1A_2",13,NA,NA,NA,NA,NA,NA,"SORAME_SH_1A",50,41,NA,NA
"511","VACMYR_GR_10B_1",13,NA,NA,NA,NA,NA,NA,"VACMYR_GR_10B",NA,NA,NA,NA
"512","VACMYR_GR_10B_2",13,NA,NA,NA,NA,NA,NA,"VACMYR_GR_10B",NA,NA,NA,NA
"513","SORAME_SH_1B_1",13,0.15,0.058,8.916,0,0.004,0.3,"SORAME_SH_1B",80,53,NA,NA
"514","SORAME_SH_1B_2",13,0.119,0.05,7.419,0,0,0.42,"SORAME_SH_1B",80,53,NA,NA
"515","DIELON_GR_8_1",13,0.486,0.129,41.908,0,0,0.7,"DIELON_GR_8",80,100,NA,NA
"516","DIELON_GR_8_2",13,0.508,0.134,42.533,0,0,0.57,"DIELON_GR_8",80,100,NA,NA
"517","DIELON_WM_1C_1",13,0.179,0.044,12.818,0,0,0.62,"DIELON_WM_1C",110,120,NA,NA
"518","DIELON_WM_1C_2",13,0.207,0.054,15.649,0,0.003,0.48,"DIELON_WM_1C",110,120,NA,NA
"519","DIELON_SH_2B_1",13,0.065,0.019,4.759,0,0,0.36,"DIELON_SH_2B",100,110,NA,NA
"520","DIELON_SH_2B_2",13,0.159,0.05,10.79,0.002,0.016,0.27,"DIELON_SH_2B",100,110,NA,NA
"521","SAMRAC_HF_D_1",13,0.139,0.037,8.434,0,0,0.39,"SAMRAC_HF_D",353.6,322,NA,NA
"522","SAMRAC_HF_D_2",13,0.231,0.056,12.916,0,0,0.51,"SAMRAC_HF_D",353.6,322,NA,NA
"523","DIELON_HF_2C_1",13,0.036,0.012,2.307,0,0,0.32,"DIELON_HF_2C",90,95,NA,NA
"524","DIELON_HF_2C_2",13,0.86,0.029,4.915,0,0,0.38,"DIELON_HF_2C",90,95,NA,NA
"525","SAMRAC_GR_8_1",13,0.123,0.038,8.038,0.007,0.082,1.09,"SAMRAC_GR_8",211,285,NA,NA
"526","SAMRAC_GR_8_2",13,0.141,0.042,8.89,0.007,0.082,1.09,"SAMRAC_GR_8",211,285,NA,NA
"527","SAMRAC_HF_C_1",13,0.127,0.04,8.273,0.398,4.816,0.4,"SAMRAC_HF_C",296,283,NA,NA
"528","SAMRAC_HF_C_2",13,0.163,0.05,10.311,0.182,1.767,0.62,"SAMRAC_HF_C",296,283,NA,NA
"529","VACMYR_GR_10C_1",13,NA,NA,NA,NA,NA,NA,"VACMYR_GR_10C",NA,NA,NA,NA
"530","VACMYR_GR_10C_2",13,NA,NA,NA,NA,NA,NA,"VACMYR_GR_10C",NA,NA,NA,NA
"531","DIELON_WM_1B_1",13,0.638,0.217,35.557,0,0,0.61,"DIELON_WM_1B",75,109,NA,NA
"532","DIELON_WM_1B_2",13,0.502,0.166,34.513,0,0,0.38,"DIELON_WM_1B",75,109,NA,NA
"533","DIELON_SH_2A_1",13,0.563,0.186,34.258,0.003,0.009,0.56,"DIELON_SH_2A",80,112,NA,NA
"534","DIELON_SH_2A_2",13,0.445,0.14,34.39,0.264,0.767,0.72,"DIELON_SH_2A",80,112,NA,NA
"535","DIELON_SH_4_1",13,0.392,0.114,37.903,0.004,0.01,0.34,"DIELON_SH_4",60,78,NA,NA
"536","DIELON_SH_4_2",13,0.582,0.173,46.271,2.456,5.309,0.43,"DIELON_SH_4",60,78,NA,NA
"537","SORAME_SH_3_1",13,NA,NA,NA,NA,NA,NA,"SORAME_SH_3",50,20,NA,NA
"538","SORAME_SH_3_2",13,NA,NA,NA,NA,NA,NA,"SORAME_SH_3",50,20,NA,NA
"539","DIELON_HF_2B_1",13,1.111,0.423,48.811,0.001,0.002,0.45,"DIELON_HF_2B",95,75,NA,NA
"540","DIELON_HF_2B_2",13,1.015,0.307,52.139,0.002,0.003,0.54,"DIELON_HF_2B",95,75,NA,NA
"541","MYRGAL_WM_6_1",14,0.01,0.002,0.6,0,0,0.21,"MYRGAL_WM_6",NA,45,77,4654.265
"542","MYRGAL_WM_6_2",14,0.006,0.002,0.511,0,0,0.27,"MYRGAL_WM_6",NA,45,77,4654.265
"543","VIBCAS_WM_7_1",14,0.22,0.09,10.389,0,0,0.86,"VIBCAS_WM_7",NA,42,45,1589.625
"544","VIBCAS_WM_7_2",14,0.122,0.085,6.363,0.079,1.248,0.53,"VIBCAS_WM_7",NA,42,45,1589.625
"545","SAMRAC_GR_4_1",14,0.04,0.01,2.333,0,0,0.75,"SAMRAC_GR_4",NA,NA,NA,NA
"546","SAMRAC_GR_4_2",14,0.039,0.011,2.426,0,0,0.76,"SAMRAC_GR_4",NA,NA,NA,NA
"547","AROMEL_WM_2_1",14,0.347,0.131,15.104,0,0,0.81,"AROMEL_WM_2",NA,45,63,3115.665
"548","AROMEL_WM_2_2",14,0.326,0.123,14.194,0,0.001,0.69,"AROMEL_WM_2",NA,45,63,3115.665
"549","VIBCAS_HF_7_1",14,0.318,0.099,13.256,0,0,0.71,"VIBCAS_HF_7",NA,NA,NA,NA
"550","VIBCAS_HF_7_2",14,0.288,0.092,13.162,0,0,0.6,"VIBCAS_HF_7",NA,NA,NA,NA
"551","VIBCAS_GR_3_1",14,0.584,0.225,22.331,0.001,0.006,1.55,"VIBCAS_GR_3",NA,93,72,4069.44
"552","VIBCAS_GR_3_2",14,0.593,0.228,23.532,0,0.001,0.91,"VIBCAS_GR_3",NA,93,72,4069.44
"553","AROMEL_HF_13_1",14,0.393,0.157,16.126,0.017,0.103,0.83,"AROMEL_HF_13",NA,75,95,7084.625
"554","AROMEL_HF_13_2",14,0.303,0.125,23.532,0,0.001,0.51,"AROMEL_HF_13",NA,75,95,7084.625
"555","DIELON_GR_6_1",14,0.791,0.278,13.233,0.001,0.006,1.27,"DIELON_GR_6",NA,71,83,5407.865
"556","DIELON_GR_6_2",14,0.945,0.341,38.546,0.484,1.255,1.07,"DIELON_GR_6",NA,71,83,5407.865
"557","DIELON_GR_2_1",14,0.399,0.129,24.569,0,0,0.63,"DIELON_GR_2",NA,72,121,11493.185
"558","DIELON_GR_2_2",14,0.373,0.124,19.486,0.012,0.063,0.65,"DIELON_GR_2",NA,72,121,11493.185
"559","AROMEL_HF_12_1",14,0.422,0.144,18.198,0,0,0.86,"AROMEL_HF_12",NA,85,72,4069.44
"560","AROMEL_HF_12_2",14,0.323,0.114,13.818,0,0,1.01,"AROMEL_HF_12",NA,85,72,4069.44
"561","MYRGAL_SH_99_1",14,0.025,0.011,1.447,0,0,0.56,"MYRGAL_SH_99",NA,52,130,13266.5
"562","MYRGAL_SH_99_2",14,0.19,0.011,1.247,0,0,0.75,"MYRGAL_SH_99",NA,52,130,13266.5
"563","DIELON_SH_4_1",14,0.747,0.237,40.12,0.025,0.061,0.46,"DIELON_SH_4",NA,67,81,5150.385
"564","DIELON_SH_4_2",14,0.945,0.315,37.526,0.007,0.02,0.75,"DIELON_SH_4",NA,67,81,5150.385
"565","SORAME_SH_3_1",14,0.073,0.032,3.944,0,0,1.01,"SORAME_SH_3",NA,47,52,2122.64
"566","SORAME_SH_3_2",14,0.046,0.02,2.652,0,0.006,0.87,"SORAME_SH_3",NA,47,52,2122.64
"567","BETALL_GR_13_1",15,0.383,0.147,20.818,0,0.002,0.54,"BETALL_GR_13",NA,135,NA,NA
"568","BETALL_GR_13_2",15,0.308,0.112,16.419,0.001,0.006,0.67,"BETALL_GR_13",NA,135,NA,NA
"569","AMECAN_SH_3_1",15,0.315,0.14,11.425,0.07,0.61,0.83,"AMECAN_SH_3",NA,91,NA,NA
"570","AMECAN_SH_3_2",15,0.267,0.119,68.378,0,0,1.24,"AMECAN_SH_3",NA,91,NA,NA
"571","BETALL_GR_14_1",15,0.607,0.241,34.157,0.787,2.305,0.83,"BETALL_GR_14",NA,103,NA,NA
"572","BETALL_GR_14_2",15,0.698,0.28,41.387,0.051,0.124,0.69,"BETALL_GR_14",NA,103,NA,NA
"573","ALNINC_SH_4_1",15,0.48,0.167,27.425,0,0,0.84,"ALNINC_SH_4",1.8,314.54,NA,NA
"574","ALNINC_SH_4_2",15,2,0.742,100.57,0.003,0.003,1.69,"ALNINC_SH_4",1.8,314.54,NA,NA
"575","BETPOP_WM_9_1",15,0.61,0.199,38.315,0.001,0.001,0.32,"BETPOP_WM_9",NA,186,NA,NA
"576","BETPOP_WM_9_2",15,0.367,0.125,23.367,0,0.002,0.3,"BETPOP_WM_9",NA,186,NA,NA
"577","ALNINC_GR_11_1",15,1.184,0.395,59.401,0.008,0.014,1.08,"ALNINC_GR_11",1.1,273.73,NA,NA
"578","ALNINC_GR_11_2",15,1.377,0.498,71.817,0.003,0.004,1.59,"ALNINC_GR_11",1.1,273.73,NA,NA
"579","ALNINC_HF_9_1",15,1.439,0.505,71.743,0.005,0.007,0.8,"ALNINC_HF_9",2.43,373.48,NA,NA
"580","ALNINC_HF_9_2",15,1.585,0.575,72.065,0.003,0.004,0.58,"ALNINC_HF_9",2.43,373.48,NA,NA
"581","QUEALB_HF_4_1",15,1.098,0.515,61.729,0.02,0.033,1.9,"QUEALB_HF_4",NA,45,NA,NA
"582","QUEALB_HF_4_2",15,0.788,0.365,52.011,0.601,1.155,1.21,"QUEALB_HF_4",NA,45,NA,NA
"583","BETPOP_WM_7_1",15,0.258,0.095,15.617,0,0.003,0.12,"BETPOP_WM_7",2.7,345.2,NA,NA
"584","BETPOP_WM_7_2",15,0.352,0.13,20.738,0,0,0.47,"BETPOP_WM_7",2.7,345.2,NA,NA
"585","BETPOP_WM_8_1",15,0.503,0.174,29.517,0.014,0.048,0.59,"BETPOP_WM_8",1,200,NA,NA
"586","BETPOP_WM_8_2",15,0.534,0.203,31.846,0,0.001,0.31,"BETPOP_WM_8",1,200,NA,NA
"587","BETPOP_WM_8_1",16,0.411,0.144,24.435,0,0,0.28,"BETPOP_WM_8",1,252,NA,NA
"588","BETPOP_WM_8_2",16,0.559,0.201,33.756,0.001,0.003,0.57,"BETPOP_WM_8",1,252,NA,NA
"589","QUEALB_HF_4A_1",16,0.679,0.325,44.314,0.001,0.003,1.13,"QUEALB_HF_4A",NA,32,NA,NA
"590","QUEALB_HF_4A_2",16,0.724,0.35,50.319,0.026,0.051,0.94,"QUEALB_HF_4A",NA,32,NA,NA
"591","QUEALB_HF_4B_1",16,0.14,0.063,8.491,0.006,0.075,1.6,"QUEALB_HF_4B",NA,22,NA,NA
"592","QUEALB_HF_4B_2",16,0.142,0.067,8.932,0,0.004,1.34,"QUEALB_HF_4B",NA,22,NA,NA
"593","ALNINC_GR_8_1",16,0.397,0.14,22.009,0.001,0.003,0.42,"ALNINC_GR_8",1.1,221,NA,NA
"594","ALNINC_GR_8_2",16,1.865,0.677,94.349,0.001,0.001,1.3,"ALNINC_GR_8",1.1,221,NA,NA
"595","ALNINC_WM_5A_1",16,0.65,0.224,33.958,0.002,0.005,0.44,"ALNINC_WM_5A",1.07,276,NA,NA
"596","ALNINC_WM_5A_2",16,2.48,0.962,114.985,0.003,0.002,1.07,"ALNINC_WM_5A",1.07,276,NA,NA
"597","BETPOP_GR_3_1",16,0.867,0.188,43.947,0.001,0.002,0.63,"BETPOP_GR_3",NA,116,NA,NA
"598","BETPOP_GR_3_2",16,1.171,0.273,58.171,0.003,0.004,0.33,"BETPOP_GR_3",NA,116,NA,NA
"599","ALNINC_SH_3_1",16,1.513,0.591,73.824,0.001,0.001,0.85,"ALNINC_SH_3",1.67,280,NA,NA
"600","ALNINC_SH_3_2",16,1.383,0.545,64.485,0.004,0.006,0.62,"ALNINC_SH_3",1.67,280,NA,NA
"601","BETALL_SH_7_1",16,0.387,0.129,19.366,0.001,0.006,0.37,"BETALL_SH_7",NA,119,NA,NA
"602","BETALL_SH_7_2",16,0.457,0.151,22.991,0,0.001,0.34,"BETALL_SH_7",NA,119,NA,NA
"603","ALNINC_HF_1_1",16,1.122,0.419,52.52,0,0.001,0.7,"ALNINC_HF_1",NA,169,NA,NA
"604","ALNINC_HF_1_2",16,1.269,0.468,60.511,0.004,0.006,0.54,"ALNINC_HF_1",NA,169,NA,NA
"605","BETALL_GR_14_1",16,0.196,0.078,13.136,0.001,0.005,0.37,"BETALL_GR_14",NA,75,NA,NA
"606","BETALL_GR_14_2",16,0.349,0.153,22.192,0.001,0.003,1.4,"BETALL_GR_14",NA,75,NA,NA
"607","ALNINC_WM_5B_1",16,1.612,0.604,82.097,0.007,0.009,1.07,"ALNINC_WM_5B",1,200,NA,NA
"608","ALNINC_WM_5B_2",16,2.005,0.81,103.135,0.005,0.005,0.73,"ALNINC_WM_5B",1,200,NA,NA
"609","BETALL_WM_9_1",16,1.835,0.473,91.074,0.004,0.004,0.51,"BETALL_WM_9",NA,NA,NA,NA
"610","BETALL_WM_9_2",16,1.424,0.366,69.32,0.007,0.01,0.29,"BETALL_WM_9",NA,NA,NA,NA
"611",NA,1,NA,NA,NA,NA,NA,NA,"BETPAP_SH_18",2.2,398.24,NA,NA
"612",NA,2,NA,NA,NA,NA,NA,NA,"AMECAN_WM_1",NA,170,169,22420.385
"613",NA,2,NA,NA,NA,NA,NA,NA,"ACEPEN_WM_5",NA,118,NA,NA
"614",NA,3,NA,NA,NA,NA,NA,NA,"BETPOP_XX",2.45,226.2,NA,NA
"615",NA,4,NA,NA,NA,NA,NA,NA,"SPIALB_WM_2A",NA,67.2,79.6,4973.8856
"616",NA,4,NA,NA,NA,NA,NA,NA,"SPIALB_WM_2B",NA,137.6,134.2,14137.5674
"617",NA,4,NA,NA,NA,NA,NA,NA,"SPIALB_HF_4A",NA,173.2,230.8,41815.8824
"618",NA,5,NA,NA,NA,NA,NA,NA,"BETALL_WM_9",2,399.5,NA,NA
"619",NA,5,NA,NA,NA,NA,NA,NA,"ALNINC_GR_01",2.2,341.2,NA,NA
"620",NA,5,NA,NA,NA,NA,NA,NA,"QUERUB_HF_9",NA,186.1,NA,NA
"621",NA,7,NA,NA,NA,NA,NA,NA,"DIELON_WM_XX",NA,81,132,13677.84
"622",NA,7,NA,NA,NA,NA,NA,NA,"ACESPI_SH_2",NA,21,80,5024
"623",NA,8,NA,NA,NA,NA,NA,NA,"SPITOM_HF_4",NA,111,81,5150.385
"624",NA,8,NA,NA,NA,NA,NA,NA,"SPITOM_HF_9",NA,120,93,6789.465
"625",NA,8,NA,NA,NA,NA,NA,NA,"SPITOM_GR_2C",NA,91,43,1451.465
"626",NA,8,NA,NA,NA,NA,NA,NA,"SPITOM_HF_6B",NA,115,55,2374.625
"627",NA,9,NA,NA,NA,NA,NA,NA,"QUERUB_WM_9",NA,15,NA,NA
"628",NA,10,NA,NA,NA,NA,NA,NA,"DIELON_SH_12",NA,11,17,226.865
"629",NA,10,NA,NA,NA,NA,NA,NA,"SAMRAC_HF",NA,205,195,29849.625
"630",NA,10,NA,NA,NA,NA,NA,NA,"DIELON_SH_4",NA,45,60,2826
"631",NA,11,NA,NA,NA,NA,NA,NA,"SPITOM_SH_99_D",NA,105,45,1589.625
"632",NA,14,NA,NA,NA,NA,NA,NA,"SAMRAC_GR_4A",NA,11,12,113.04
"633",NA,14,NA,NA,NA,NA,NA,NA,"VIBCAS_HF_7A",NA,87,91,6500.585
